<?xml version='1.0' encoding='UTF-8' ?>
<ec-patent-document file='EC_SDI17073027_20180228.xml' country='EC' doc-number='SDI17073027' kind='S' date-published='20180228' lang='ES' date-produced='20190116'>
<bibliographic-data id='bibl' doc-number='SDI17073027' country='EC' lang='es'>
<publication-reference><document-id ><country>EC</country><doc-number>SDI17073027</doc-number><kind>S</kind><date>20180228</date></document-id></publication-reference>
<classification-ipcr><classification-ipc sequence='1'><section> </section><class> </class><subclass> </subclass><main-group> </main-group><subgroup> </subgroup><edition> </edition><ipc-version-indicator><date> </date></ipc-version-indicator><classification-level>A0</classification-level><symbol-position> </symbol-position><classification-value> </classification-value></classification-ipc></classification-ipcr>
<application-reference> <document-id><country>EC</country><doc-number>IEPI201773027</doc-number><date>20171031</date></document-id></application-reference>
<priority-claims>
</priority-claims>
<parties><applicants>
</applicants>
<inventors>
</inventors><agents>
</agents></parties>
<invention-title lang='es'>Sistema de fijación de paneles de plástico al techo</invention-title>
</bibliographic-data>
<abstract lang='es'>Sistema de fijación de paneles de plástico al techo.</abstract>
</ec-patent-document>
