<?xml version='1.0' encoding='UTF-8' ?>
<ec-patent-document file='EC_SP17068347_20180228.xml' country='EC' doc-number='SP17068347' kind='A' date-published='20180228' lang='ES' date-produced='20190116'>
<bibliographic-data id='bibl' doc-number='SP17068347' country='EC' lang='es'>
<publication-reference><document-id ><country>EC</country><doc-number>SP17068347</doc-number><kind>A</kind><date>20180228</date></document-id></publication-reference>
<classification-ipcr><classification-ipc sequence='1'><section> </section><class> </class><subclass> </subclass><main-group> </main-group><subgroup> </subgroup><edition> </edition><ipc-version-indicator><date> </date></ipc-version-indicator><classification-level>E04B2/74(2006.01),E04B2/76,(2006.01),E04B2/78(2006.01)</classification-level><symbol-position> </symbol-position><classification-value> </classification-value></classification-ipc></classification-ipcr>
<application-reference> <document-id><country>EC</country><doc-number>IEPI201768347</doc-number><date>20171013</date></document-id></application-reference>
<priority-claims>
<priority-claim sequence='1' kind='National'><doc-number>648-2015</doc-number><date>20150316</date><country>CL</country></priority-claim>
</priority-claims>
<parties><applicants>
<applicant sequence='1' designation='all' app-type='applicant'><addressbook><name>SOCIEDAD INDUSTRIAL ROMERAL S.A.</name><address><street>Avda. Santa Rosa 01710, Santiago de Chile-CHILE</street><country>CL</country></address></addressbook></applicant>
</applicants>
<inventors>
<inventor sequence='1' designation='all'><addressbook><name>O'RYAN AGUIRRE, Juan Alberto</name><address><street>Av. Santa Rosa 01998, Puente Alto, Santiago CL</street><country>CL</country></address></addressbook></inventor>
</inventors><agents>
<agent sequence='1' rep-type='agent'><addressbook><name>FABARA VERA, MARIA ROSA </name><address><street>AV. DIEGO DE ALMAGRO N30-118 Y AV. REPUBLICA. QUITO - ECUADOR </street><country>EC</country></address></addressbook></agent>
</agents></parties>
<invention-title lang='es'>ENSAMBLE DE MONTAJE PARA PANEL PREFABRICADO</invention-title>
</bibliographic-data>
<abstract lang='es'>La presente invención se relaciona con dispositivos para instalación de paneles prefabricados de muralla, para construcción de muros o tabiques interiores divisorios de recintos. Lo anterior resulta particularmente útil, por ejemplo, en el área de la construcción y albañilería, donde la velocidad de ejecución de muros o tabiques es un
factor relevante que incide directamente en los costes de obra.</abstract>
</ec-patent-document>
