<?xml version='1.0' encoding='UTF-8' ?>
<ec-patent-document file='EC_SDI17025111_20181228.xml' country='EC' doc-number='SDI17025111' kind='S' date-published='20181228' lang='ES' date-produced='20190116'>
<bibliographic-data id='bibl' doc-number='SDI17025111' country='EC' lang='es'>
<publication-reference><document-id ><country>EC</country><doc-number>SDI17025111</doc-number><kind>S</kind><date>20181228</date></document-id></publication-reference>
<classification-ipcr><classification-ipc sequence='1'><section> </section><class> </class><subclass> </subclass><main-group> </main-group><subgroup> </subgroup><edition> </edition><ipc-version-indicator><date> </date></ipc-version-indicator><classification-level>09-01</classification-level><symbol-position> </symbol-position><classification-value> </classification-value></classification-ipc></classification-ipcr>
<application-reference> <document-id><country>EC</country><doc-number>IEPI201725111</doc-number><date>20170424</date></document-id></application-reference>
<priority-claims>
<priority-claim sequence='1' kind='National'><doc-number>29/583,427</doc-number><date>20161104</date><country>US</country></priority-claim>
</priority-claims>
<parties><applicants>
<applicant sequence='1' designation='all' app-type='applicant'><addressbook><name>OWENS-BROCKWAY GLASS CONTAINER INC.</name><address><street>One Michael Owens Way, Perrysburg, Ohio 43551 (US).</street><country>US</country></address></addressbook></applicant>
</applicants>
<inventors>
<inventor sequence='1' designation='all'><addressbook><name>KWANG YANG MOTOR CO., LTD.</name><address><street>No. 35, Wan Hsing Street, Sanmin District, Kaohsiung, Taiwan, R.O.C.</street><country>CN</country></address></addressbook></inventor>
<inventor sequence='2' designation='all'><addressbook><name>Raul M. Paredes</name><address><street>295 North Ridge Drive, Perrysburg, Ohio  43551 USA</street><country>US</country></address></addressbook></inventor>
<inventor sequence='3' designation='all'><addressbook><name>Douglas Laib</name><address><street>26724 Green Ville Drive, Perrysburg, Ohio  43551, USA</street><country>US</country></address></addressbook></inventor>
</inventors><agents>
<agent sequence='1' rep-type='agent'><addressbook><name>PEREZ BUSTAMANTE Y PEREZ ABOGADOS CIA. LTDA.</name><address><street>Av. Republica de El Salvador No. 1082 y Naciones Unidas, Quito - Ecuador</street><country>EC</country></address></addressbook></agent>
</agents></parties>
<invention-title lang='es'>RECIPIENTE</invention-title>
</bibliographic-data>
<abstract lang='es'>Un nuevo diseño ornamental para un RECIPIENTE </abstract>
</ec-patent-document>
