<?xml version='1.0' encoding='UTF-8' ?>
<ec-patent-document file='EC_SMU16082280_20180228.xml' country='EC' doc-number='SMU16082280' kind='U' date-published='20180228' lang='ES' date-produced='20190116'>
<bibliographic-data id='bibl' doc-number='SMU16082280' country='EC' lang='es'>
<publication-reference><document-id ><country>EC</country><doc-number>SMU16082280</doc-number><kind>U</kind><date>20180228</date></document-id></publication-reference>
<classification-ipcr><classification-ipc sequence='1'><section> </section><class> </class><subclass> </subclass><main-group> </main-group><subgroup> </subgroup><edition> </edition><ipc-version-indicator><date> </date></ipc-version-indicator><classification-level>F01M1/12LubricacióndesistemasencircuitocerradonodescritasenlosgruposF01M1/02-F01M1/10</classification-level><symbol-position> </symbol-position><classification-value> </classification-value></classification-ipc></classification-ipcr>
<application-reference> <document-id><country>EC</country><doc-number>IEPI201682280</doc-number><date>20161116</date></document-id></application-reference>
<priority-claims>
</priority-claims>
<parties><applicants>
</applicants>
<inventors>
</inventors><agents>
</agents></parties>
<invention-title lang='es'>SISTEMA DE LUBRICACIÓN BASADO EN DIFERENCIAS DE PRESIÓN PARA UN EXPANSOR DE TORNILLO EN UN SISTEMA DE CICLO RANKINE ORGÁNICO</invention-title>
</bibliographic-data>
<abstract lang='es'>El dispositivo consiste en un sistema de tubos, mediante el cual la variación del diametro interno crea una diferencia de presion entre la tuberia de admisión y el escape, esto se debe a un estrangulamiento del tubo principal; esta diferencia de presión permite succionar aceite lubricante desde el reservorio, para luego pasar por un filtro de micro poros y por un recuperador de aceite, logrando la inyección del lubricante hacia el expansor sin usar un sistema de bombeo eléctrico. La diferencia de presiones se realiza por el paso de un fluido orgánico en estado gaseoso a alta presión dentro del arreglo de tubos.</abstract>
</ec-patent-document>
