<?xml version='1.0' encoding='UTF-8' ?>
<ec-patent-document file='EC_SP17084878_20180228.xml' country='EC' doc-number='SP17084878' kind='A' date-published='20180228' lang='ES' date-produced='20190116'>
<bibliographic-data id='bibl' doc-number='SP17084878' country='EC' lang='es'>
<publication-reference><document-id ><country>EC</country><doc-number>SP17084878</doc-number><kind>A</kind><date>20180228</date></document-id></publication-reference>
<classification-ipcr><classification-ipc sequence='1'><section> </section><class> </class><subclass> </subclass><main-group> </main-group><subgroup> </subgroup><edition> </edition><ipc-version-indicator><date> </date></ipc-version-indicator><classification-level>A61K39/39,A61K39/395,C07K16/28,C07K16/30</classification-level><symbol-position> </symbol-position><classification-value> </classification-value></classification-ipc></classification-ipcr>
<application-reference> <document-id><country>EC</country><doc-number>IEPI201784878</doc-number><date>20171226</date></document-id></application-reference>
<priority-claims>
<priority-claim sequence='1' kind='National'><doc-number>62/184,018</doc-number><date>20150624</date><country>US</country></priority-claim>
<priority-claim sequence='2' kind='National'><doc-number>62/249,546</doc-number><date>20151102</date><country>US</country></priority-claim>
<priority-claim sequence='3' kind='National'><doc-number>62/250,566</doc-number><date>20151104</date><country>US</country></priority-claim>
<priority-claim sequence='4' kind='National'><doc-number>62/263,307</doc-number><date>20151204</date><country>US</country></priority-claim>
<priority-claim sequence='5' kind='National'><doc-number>62/331,489</doc-number><date>20160504</date><country>US</country></priority-claim>
</priority-claims>
<parties><applicants>
<applicant sequence='1' designation='all' app-type='applicant'><addressbook><name>JANSSEN BIOTECH, INC.</name><address><street>800/850 Ridgeview Drive, Horsham, Pennsylvania 19044, Estados Unidos de America</street><country>US</country></address></addressbook></applicant>
</applicants>
<inventors>
<inventor sequence='1' designation='all'><addressbook><name>MUTIS, Tuna</name><address><street>VU University Medical Center, Department of Hematology, Room PK.X. 076 De Boelelaan 1117, HV-1081 Amsterdam, Paises Bajos</street><country>NL</country></address></addressbook></inventor>
<inventor sequence='2' designation='all'><addressbook><name>LOKHORST, Henk M.</name><address><street>Vu University Medical Center, Dept. of Hematology, De Boelelaan 1118, HV-1081 Amsterdam, Paises Bajos</street><country>NL</country></address></addressbook></inventor>
<inventor sequence='3' designation='all'><addressbook><name>CADNEUF, Tineke</name><address><street>Vu University Medical Center, Dept. of Hematology, Room Pk.x.076, De Boelelaan 1117, 1081 HV Amsterdam, Paises Bajos</street><country>NL</country></address></addressbook></inventor>
<inventor sequence='4' designation='all'><addressbook><name>TAHAMTAN, Ahmadi</name><address><street>1400 McKean Road, Spring House, Pennsylvania 19477, US</street><country>US</country></address></addressbook></inventor>
<inventor sequence='5' designation='all'><addressbook><name>SASSER, Amy</name><address><street>1400 McKean Road, Spring House, PA 19477, EUA</street><country>US</country></address></addressbook></inventor>
</inventors><agents>
<agent sequence='1' rep-type='agent'><addressbook><name>ALFREDO PACÍFICO GALLEGOS BANDERAS</name><address><street>Av. 12 de Octubre y Lincoln</street><country>EC</country></address></addressbook></agent>
</agents></parties>
<invention-title lang='es'>MODULACIÓN Y TRATAMIENTO INMUNES DE TUMORES SÓLIDOS CON ANTICUERPOS QUE SE UNEN ESPECÍFICAMENTE A CD38</invention-title>
</bibliographic-data>
<abstract lang='es'>La presente invención se refiere a métodos para la inmunomodulación y tratamiento de pacientes que tienen tumores sólidos con anticuerpos que se unen específicamente a CD38.</abstract>
</ec-patent-document>
