<?xml version='1.0' encoding='UTF-8' ?>
<ec-patent-document file='EC_SDI17075708_20181228.xml' country='EC' doc-number='SDI17075708' kind='S' date-published='20181228' lang='ES' date-produced='20190116'>
<bibliographic-data id='bibl' doc-number='SDI17075708' country='EC' lang='es'>
<publication-reference><document-id ><country>EC</country><doc-number>SDI17075708</doc-number><kind>S</kind><date>20181228</date></document-id></publication-reference>
<classification-ipcr><classification-ipc sequence='1'><section> </section><class> </class><subclass> </subclass><main-group> </main-group><subgroup> </subgroup><edition> </edition><ipc-version-indicator><date> </date></ipc-version-indicator><classification-level>09-01</classification-level><symbol-position> </symbol-position><classification-value> </classification-value></classification-ipc></classification-ipcr>
<application-reference> <document-id><country>EC</country><doc-number>IEPI201775708</doc-number><date>20180103</date></document-id></application-reference>
<priority-claims>
</priority-claims>
<parties><applicants>
<applicant sequence='1' designation='all' app-type='applicant'><addressbook><name>Luis Alexander Arcentales Astudillo</name><address><street>Santo Domingo de los Colorados tres de Julio y Loja</street><country>EC</country></address></addressbook></applicant>
</applicants>
<inventors>
<inventor sequence='1' designation='all'><addressbook><name>Luis Alexander Arcentales Astudillo</name><address><street>Santo Domingo de los Colorados tres de Julio y Loja</street><country>EC</country></address></addressbook></inventor>
</inventors><agents>
</agents></parties>
<invention-title lang='es'>ENVASE COCOTAZO</invention-title>
</bibliographic-data>
<abstract lang='es'></abstract></ec-patent-document>
