<?xml version='1.0' encoding='UTF-8' ?>
<ec-patent-document file='EC_SP17077930_20180228.xml' country='EC' doc-number='SP17077930' kind='A' date-published='20180228' lang='ES' date-produced='20190116'>
<bibliographic-data id='bibl' doc-number='SP17077930' country='EC' lang='es'>
<publication-reference><document-id ><country>EC</country><doc-number>SP17077930</doc-number><kind>A</kind><date>20180228</date></document-id></publication-reference>
<classification-ipcr><classification-ipc sequence='1'><section> </section><class> </class><subclass> </subclass><main-group> </main-group><subgroup> </subgroup><edition> </edition><ipc-version-indicator><date> </date></ipc-version-indicator><classification-level>A61K31/135,A61K45/06</classification-level><symbol-position> </symbol-position><classification-value> </classification-value></classification-ipc></classification-ipcr>
<application-reference> <document-id><country>EC</country><doc-number>IEPI201777930</doc-number><date>20171123</date></document-id></application-reference>
<priority-claims>
<priority-claim sequence='1' kind='National'><doc-number>62/164,026</doc-number><date>20150520</date><country>US</country></priority-claim>
</priority-claims>
<parties><applicants>
<applicant sequence='1' designation='all' app-type='applicant'><addressbook><name>JANSSEN PHARMACEUTICA NV</name><address><street>Turnhoutseweg 30, B-2340 Beerse, Belgica</street><country>BE</country></address></addressbook></applicant>
</applicants>
<inventors>
<inventor sequence='1' designation='all'><addressbook><name>DREVETS, Wayne</name><address><street>1125 Trenton-Harbourton Road, Titusville, NJ 08560, USA</street><country>US</country></address></addressbook></inventor>
<inventor sequence='2' designation='all'><addressbook><name>CAERS, Ivo</name><address><street>Stekelbaarsstratt 11, 2340 Beerse, Belgica</street><country>BE</country></address></addressbook></inventor>
<inventor sequence='3' designation='all'><addressbook><name>SINGH, Jaskaran</name><address><street>3210 Merryfield Row, San Diego, CA 02121, USA</street><country>US</country></address></addressbook></inventor>
<inventor sequence='4' designation='all'><addressbook><name>DALY, Ella</name><address><street>1125 Trenton-Harbourton Road, Titusville, NJ 08560, USA</street><country>US</country></address></addressbook></inventor>
</inventors><agents>
<agent sequence='1' rep-type='agent'><addressbook><name>DR. JUAN M. QUEVEDO</name><address><street>Av. 12 de Octubre N26-97 y Lincoln, Quito, Ecuador</street><country>EC</country></address></addressbook></agent>
</agents></parties>
<invention-title lang='es'>MÉTODOS Y KITS PARA TRATAR LA DEPRESIÓN</invention-title>
</bibliographic-data>
<abstract lang='es'>La presente invención está dirigida a, entre otras cosas, métodos y kits para el tratamiento de la depresión (preferentemente, depresión resistente al tratamiento), o para el tratamiento de la depresión en un paciente suicida y/o para el tratamiento y/o prevención de suicidios (por ejemplo, pensamientos suicidas) que incluyen la administración de esketamina de conformidad con ciertos regímenes de dosis.</abstract>
</ec-patent-document>
