<?xml version='1.0' encoding='UTF-8' ?>
<ec-patent-document file='EC_SP18065458_20181228.xml' country='EC' doc-number='SP18065458' kind='A' date-published='20181228' lang='ES' date-produced='20190116'>
<bibliographic-data id='bibl' doc-number='SP18065458' country='EC' lang='es'>
<publication-reference><document-id ><country>EC</country><doc-number>SP18065458</doc-number><kind>A</kind><date>20181228</date></document-id></publication-reference>
<classification-ipcr><classification-ipc sequence='1'><section> </section><class> </class><subclass> </subclass><main-group> </main-group><subgroup> </subgroup><edition> </edition><ipc-version-indicator><date> </date></ipc-version-indicator><classification-level>B21D17/04</classification-level><symbol-position> </symbol-position><classification-value> </classification-value></classification-ipc></classification-ipcr>
<application-reference> <document-id><country>EC</country><doc-number>SENADI201865458</doc-number><date>20180830</date></document-id></application-reference>
<priority-claims>
</priority-claims>
<parties><applicants>
<applicant sequence='1' designation='all' app-type='applicant'><addressbook><name>UNIVERSIDAD CATÓLICA DE SANTIAGO DE GUAYAQUIL</name><address><street>AV. CARLOS JULIO AROSEMENA KM. 1 ½</street><country>EC</country></address></addressbook></applicant>
</applicants>
<inventors>
<inventor sequence='1' designation='all'><addressbook><name>ADRIANA VALENTINA DONOSO SANCHEZ</name><address><street>miguel h. alcivar y victor h. sicouret</street><country>EC</country></address></addressbook></inventor>
<inventor sequence='2' designation='all'><addressbook><name>JORGE ANDRES MORAN UBIDIA </name><address><street>MIGUEL  H. ALCIVAR </street><country>EC</country></address></addressbook></inventor>
<inventor sequence='3' designation='all'><addressbook><name>CRISTY NATALY LOZADA ASPIAZU </name><address><street>MIGUEL H ALCIVAR</street><country>EC</country></address></addressbook></inventor>
<inventor sequence='4' designation='all'><addressbook><name>VIRGINIA ELIZABETH AVELLÁN CORNEJO</name><address><street>MIGUEL H. ALCIVAR Y VICTOR H. SICOURET</street><country>EC</country></address></addressbook></inventor>
<inventor sequence='5' designation='all'><addressbook><name>TANYA DONOSO MOGOLLON</name><address><street>MIGUEL H. ALCIVAR Y VICTOR H. SICOURET </street><country>EC</country></address></addressbook></inventor>
<inventor sequence='6' designation='all'><addressbook><name>ROSA EDITH RADA ALPRECHT</name><address><street>KM 14 1/2 VÍA A LA COSTA, CONJUNTO RESIDENCIAL LOS FICUS</street><country>EC</country></address></addressbook></inventor>
<inventor sequence='7' designation='all'><addressbook><name>CRISTINA ALEXANDRA MORALES LUNA</name><address><street>MIGUEL H. ALCIVAR Y VICTOR H. SICOURET</street><country>EC</country></address></addressbook></inventor>
<inventor sequence='8' designation='all'><addressbook><name>ROBINSON DANILO VEGA JARAMILLO</name><address><street>MIGUEL H. ALCIVAR </street><country>EC</country></address></addressbook></inventor>
</inventors><agents>
</agents></parties>
<invention-title lang='es'>LAMINADORA CONTINUA DE BAMBU</invention-title>
</bibliographic-data>
<abstract lang='es'>La presente invención protege a una máquina laminadora continua de bambú que realiza los grupos de cortes necesarios para abrir una caña guadua en todo su diámetro y longitud, pero adicionalmente, genera un corte longitudinal, que permite abrir o desplegar la caña, para que pueda luego pasar por unos rodillos que la aplastan y finalmente, pasar por unas cuchillas que hacen la función de limpieza a la caña, retirando la parte interna  conocida como tripa y el diafragma de cada caña.</abstract>
</ec-patent-document>
