<?xml version='1.0' encoding='UTF-8' ?>
<ec-patent-document file='EC_SP17068868_20180228.xml' country='EC' doc-number='SP17068868' kind='A' date-published='20180228' lang='ES' date-produced='20190116'>
<bibliographic-data id='bibl' doc-number='SP17068868' country='EC' lang='es'>
<publication-reference><document-id ><country>EC</country><doc-number>SP17068868</doc-number><kind>A</kind><date>20180228</date></document-id></publication-reference>
<classification-ipcr><classification-ipc sequence='1'><section> </section><class> </class><subclass> </subclass><main-group> </main-group><subgroup> </subgroup><edition> </edition><ipc-version-indicator><date> </date></ipc-version-indicator><classification-level>A23K20/10(2016.01),A23K10/18(2016.01),A23K50/80(2016.01),A23K50/70(2016.01),A23K50/10(2016.01),A23K50/20(2016.01),A61K35/741(2015.01)

</classification-level><symbol-position> </symbol-position><classification-value> </classification-value></classification-ipc></classification-ipcr>
<application-reference> <document-id><country>EC</country><doc-number>IEPI201768868</doc-number><date>20171016</date></document-id></application-reference>
<priority-claims>
<priority-claim sequence='1' kind='National'><doc-number>15159277.1</doc-number><date>20150316</date><country>EF</country></priority-claim>
</priority-claims>
<parties><applicants>
<applicant sequence='1' designation='all' app-type='applicant'><addressbook><name>ECOLE POLYTECHNIQUE FEDERALE DE LAUSANNE (EPFL) </name><address><street>EPFL-TTO EPFL, Innovation Park J, 1015 Lausanne (CH).</street><country>CH</country></address></addressbook></applicant>
</applicants>
<inventors>
<inventor sequence='1' designation='all'><addressbook><name>ZAISS, Mario Michael</name><address><street> Flurweg 9, 91080 Rathsberg/Marloffstein (DE).</street><country>DE</country></address></addressbook></inventor>
<inventor sequence='2' designation='all'><addressbook><name>SUTHERLAND, Duncan-Bruce</name><address><street>Sentier du Flon 2, 1027 Lonay (CH).</street><country>GB</country></address></addressbook></inventor>
</inventors><agents>
<agent sequence='1' rep-type='agent'><addressbook><name>Romoleroux Armijos, María Cecilia </name><address><street>Robles E4-136 y Av. Amazonas, Edif. Proinco Calisto, piso 11, Quito - Ecuador</street><country>EC</country></address></addressbook></agent>
</agents></parties>
<invention-title lang='es'>ARCHAEBACTERIA EN ALIMENTO PARA ANIMALES BIOACTIVO, MÉTODO PARA HACER LA COMPOSICIÓN Y MÉTODOS QUE EMPLEAN LA COMPOSICIÓN</invention-title>
</bibliographic-data>
<abstract lang='es'>La invención se refiere a un suplemento alimenticio que comprende o que consiste en Archaebacteria, y particularmente Archaebacteria metanogénica, para ser usado como adyuvante probiótico para alimentación animal.  El suplemento puede proporcionarse, por ejemplo, a animales de granja, además de pienso estándar o como composición alimenticia.  Este suplemento es particularmente útil en la acuicultura y es capaz de aumentar las velocidades de crecimiento de los animales, reduciendo la susceptibilidad animal a las infecciones parasitarias y/o mejorando el impacto de los residuos fecales de los animales en el medio ambiente.  También se incluyen en la presente invención métodos de fabricación de una composición que comprende el suplemento alimenticio bioactivo así como sus usos.</abstract>
</ec-patent-document>
