<?xml version='1.0' encoding='UTF-8' ?>
<ec-patent-document file='EC_SDI17070992_20180228.xml' country='EC' doc-number='SDI17070992' kind='S' date-published='20180228' lang='ES' date-produced='20190116'>
<bibliographic-data id='bibl' doc-number='SDI17070992' country='EC' lang='es'>
<publication-reference><document-id ><country>EC</country><doc-number>SDI17070992</doc-number><kind>S</kind><date>20180228</date></document-id></publication-reference>
<classification-ipcr><classification-ipc sequence='1'><section> </section><class> </class><subclass> </subclass><main-group> </main-group><subgroup> </subgroup><edition> </edition><ipc-version-indicator><date> </date></ipc-version-indicator><classification-level>table;desks;officefurniture;cabinets;drawers;Generaldetailsoffurniture(A47B)</classification-level><symbol-position> </symbol-position><classification-value> </classification-value></classification-ipc></classification-ipcr>
<application-reference> <document-id><country>EC</country><doc-number>IEPI201770992</doc-number><date>20171025</date></document-id></application-reference>
<priority-claims>
</priority-claims>
<parties><applicants>
</applicants>
<inventors>
</inventors><agents>
</agents></parties>
<invention-title lang='es'>Diseño y fabricación de Estación de trabajo para personas con movilidad reducida, modelo CHARLIE</invention-title>
</bibliographic-data>
<abstract lang='es'>La estación de trabajo para personas con movilidad reducida (PMR) es pertinente con la invitación que hace el Plan del Buen Vivir a aportar con la inclusión laboral de los grupos más vulnerables, tiene como propósito el brindar el confort y bienestar a su usuario, mediante los parámetros de antropometría y ergonomía utilizados, para efectos de su diseño se consideró:
1.	Espacio de circulación bajo la superficie horizontal de trabajo, permitiendo girar sillas de ruedas con total facilidad.
2.	Altura regulable mediante niveladores y suples que permiten regularlo y ser usado por usuarios con diferentes alturas de sillas, incluyendo sillas de ruedas con apoya brazos altos.
3.	Estructura resistente al apoyo sobre ella en caso de que su usuario necesite hacerlo para impulsarse con un movimiento tanto vertical como horizontal.
4.	Soportes verticales que permiten por la forma como están estructurados realizar instalaciones eléctricas y/o de datos en su interior, evitando que su usuario se vea obligado a agacharse para conectar. Los mismos cuentan con una tapa móvil sostenida por vinchas de soportes para las instalaciones.
5.	Cuenta con un modular colocado sobre un auxiliar lateral que permite archivar documentos al alcance del PMR.
6.	Por estar fabricado con piezas ancladas por un método de ensamble mecánico no permanente a base de pernos y tornillos, la reparación y bodegaje es de fácil ejecución.





 
</abstract>
</ec-patent-document>
