<?xml version='1.0' encoding='UTF-8' ?>
<ec-patent-document file='EC_SDI17082530_20180228.xml' country='EC' doc-number='SDI17082530' kind='S' date-published='20180228' lang='ES' date-produced='20190116'>
<bibliographic-data id='bibl' doc-number='SDI17082530' country='EC' lang='es'>
<publication-reference><document-id ><country>EC</country><doc-number>SDI17082530</doc-number><kind>S</kind><date>20180228</date></document-id></publication-reference>
<classification-ipcr><classification-ipc sequence='1'><section> </section><class> </class><subclass> </subclass><main-group> </main-group><subgroup> </subgroup><edition> </edition><ipc-version-indicator><date> </date></ipc-version-indicator><classification-level>B65B</classification-level><symbol-position> </symbol-position><classification-value> </classification-value></classification-ipc></classification-ipcr>
<application-reference> <document-id><country>EC</country><doc-number>IEPI201782530</doc-number><date>20171215</date></document-id></application-reference>
<priority-claims>
</priority-claims>
<parties><applicants>
</applicants>
<inventors>
</inventors><agents>
</agents></parties>
<invention-title lang='es'>Botellon Aqua Premium</invention-title>
</bibliographic-data>
<abstract lang='es'>Envase de material polipropileno con pico rosca con nervios horizontales y verticales. En la parte frontal consta un espacio para colocar una etiqueta de la marca.</abstract>
</ec-patent-document>
