<?xml version='1.0' encoding='UTF-8' ?>
<ec-patent-document file='EC_SP18091468_20181228.xml' country='EC' doc-number='SP18091468' kind='A' date-published='20181228' lang='ES' date-produced='20190116'>
<bibliographic-data id='bibl' doc-number='SP18091468' country='EC' lang='es'>
<publication-reference><document-id ><country>EC</country><doc-number>SP18091468</doc-number><kind>A</kind><date>20181228</date></document-id></publication-reference>
<classification-ipcr><classification-ipc sequence='1'><section> </section><class> </class><subclass> </subclass><main-group> </main-group><subgroup> </subgroup><edition> </edition><ipc-version-indicator><date> </date></ipc-version-indicator><classification-level>A61K51/04_A61K51/10_C07D213/81_A61P35/00</classification-level><symbol-position> </symbol-position><classification-value> </classification-value></classification-ipc></classification-ipcr>
<application-reference> <document-id><country>EC</country><doc-number>SENADI201891468</doc-number><date>20181210</date></document-id></application-reference>
<priority-claims>
<priority-claim sequence='1' kind='National'><doc-number>16173874.5</doc-number><date>20160610</date><country>EF</country></priority-claim>
</priority-claims>
<parties><applicants>
<applicant sequence='1' designation='all' app-type='applicant'><addressbook><name>BAYER PHARMA AKTIENGESELLSCHAFT</name><address><street>Müllerstraße 178, 13353 Berlin (DE).</street><country>DE</country></address></addressbook></applicant>
<applicant sequence='2' designation='all' app-type='applicant'><addressbook><name>BAYER AS</name><address><street>Drammensveien 288, 0283 Oslo (NO).</street><country>NO</country></address></addressbook></applicant>
</applicants>
<inventors>
<inventor sequence='1' designation='all'><addressbook><name>WEBER, Ernst</name><address><street>Hermann-Köhl-Straße 1, 40764 Langenfeld (DE).</street><country>DE</country></address></addressbook></inventor>
<inventor sequence='2' designation='all'><addressbook><name>CUTHBERTSON, Alan</name><address><street>Orreveien 14, 0789 Oslo (NO).</street><country>GB</country></address></addressbook></inventor>
<inventor sequence='3' designation='all'><addressbook><name>KARLSSON, Jenny</name><address><street>Ullevalsveien 56C, 0454 Oslo (NO).</street><country>SE</country></address></addressbook></inventor>
<inventor sequence='4' designation='all'><addressbook><name>HAMMER, Stefanie</name><address><street>Neue Welt 12, 10247 Berlin (DE).</street><country>DE</country></address></addressbook></inventor>
<inventor sequence='5' designation='all'><addressbook><name>TRAUTWEIN, Mark</name><address><street>Narzissenweg 4, 42489 Wülfrath (DE).</street><country>DE</country></address></addressbook></inventor>
</inventors><agents>
<agent sequence='1' rep-type='agent'><addressbook><name>Romoleroux Armijos, María Cecilia </name><address><street>Robles E4-136 y Av. Amazonas, Edif. Proinco Calisto, piso 11, Quito - Ecuador</street><country>EC</country></address></addressbook></agent>
</agents></parties>
<invention-title lang='es'>COMPLEJOS RADIO-FARMACÉUTICOS</invention-title>
</bibliographic-data>
<abstract lang='es'>La invención proporciona un método para la formación de un complejo de torio que se dirige al tejido, comprendiendo dicho método;
a)	formar un quelante octadentado que comprende cuatro restos hidroxipiridinona (HOPO), sustituidos en la posición N con un grupo metilo, y un resto de acoplamiento que termina en un grupo ácido carboxílico;
b)	acoplar dicho quelante octadentado a por lo menos un resto que se dirige al tejido que se dirige a prolil endopeptidasa FAP; y
c)	contactar dicho agente quelante que se dirige al tejido con una solución acuosa que comprende un ion de por lo menos un isótopo de torio emisor de radiaciones alfa.
Se proporciona un método para el tratamiento de una enfermedad neoplásica o hiperplásica que comprende la administración de un complejo de torio que se dirige al tejido de ese tipo, así como también se provee el complejo y formulaciones farmacéuticas correspondientes.</abstract>
</ec-patent-document>
