<?xml version='1.0' encoding='UTF-8' ?>
<ec-patent-document file='EC_SP18089087_20181228.xml' country='EC' doc-number='SP18089087' kind='A' date-published='20181228' lang='ES' date-produced='20190116'>
<bibliographic-data id='bibl' doc-number='SP18089087' country='EC' lang='es'>
<publication-reference><document-id ><country>EC</country><doc-number>SP18089087</doc-number><kind>A</kind><date>20181228</date></document-id></publication-reference>
<classification-ipcr><classification-ipc sequence='1'><section> </section><class> </class><subclass> </subclass><main-group> </main-group><subgroup> </subgroup><edition> </edition><ipc-version-indicator><date> </date></ipc-version-indicator><classification-level>A61K9/20</classification-level><symbol-position> </symbol-position><classification-value> </classification-value></classification-ipc></classification-ipcr>
<application-reference> <document-id><country>EC</country><doc-number>SENADI201889087</doc-number><date>20181129</date></document-id></application-reference>
<priority-claims>
<priority-claim sequence='1' kind='National'><doc-number>60/537,706</doc-number><date>20040120</date><country>US</country></priority-claim>
<priority-claim sequence='2' kind='National'><doc-number>60/604,274 </doc-number><date>20040825</date><country>US</country></priority-claim>
</priority-claims>
<parties><applicants>
<applicant sequence='1' designation='all' app-type='applicant'><addressbook><name>NOVARTIS AG</name><address><street>4056 BASEL, SUIZA</street><country>CH</country></address></addressbook></applicant>
</applicants>
<inventors>
<inventor sequence='1' designation='all'><addressbook><name>KOWALSKI, James</name><address><street>70 Ketcham Road, Belle Mead, NJ 08502 (US).</street><country>US</country></address></addressbook></inventor>
<inventor sequence='2' designation='all'><addressbook><name>PARTHIBAN, Lakshman, Jayanth</name><address><street>215 Vista Drive, Cedar Knolls, NJ 07927 (US).</street><country>US</country></address></addressbook></inventor>
<inventor sequence='3' designation='all'><addressbook><name>PATEL, Arun, P.</name><address><street>10 East Maple Avenue, Succasunna, NJ 07876 (US).</street><country>US</country></address></addressbook></inventor>
</inventors><agents>
<agent sequence='1' rep-type='agent'><addressbook><name>Romoleroux Armijos, María Cecilia </name><address><street>Robles E4-136 y Av. Amazonas, Edif. Proinco Calisto, piso 11, Quito - Ecuador</street><country>EC</country></address></addressbook></agent>
</agents></parties>
<invention-title lang='es'>FORMULACIÓN PARA COMPRESIÓN DIRECTA Y PROCESO</invention-title>
</bibliographic-data>
<abstract lang='es'>El inhibidor de dipeptidilpeptidasa IV (referido en la presente como DPP-IV) que puede ser del 98.5 al 100 por ciento puro, es un fármaco de alta dosis que se puede comprimir directamente con excipientes específicos en formas de dosificación sólida, tales como tabletas y cápsulas que tengan la dureza, capacidad para desintegrarse, y características de disolución aceptables deseadas. La DPP-IV no se puede comprimir inherentemente, y por consiguiente, presenta problemas de formulación. Los excipientes utilizados en la formulación mejoran las propiedades de flujo y compactación del fármaco y de la mezcla para formar tabletas. Un flujo óptimo contribuye a un llenado uniforme del troquel y al control del peso. El aglutinante utilizado asegura propiedades cohesivas suficientes que permiten que la dipeptidil-peptidasa-IV se comprima durante el método de compresión directa. Las tabletas producidas proporcionan un perfil de disolución in vitro aceptable.</abstract>
</ec-patent-document>
