<?xml version='1.0' encoding='UTF-8' ?>
<ec-patent-document file='EC_SP17083426_20180228.xml' country='EC' doc-number='SP17083426' kind='A' date-published='20180228' lang='ES' date-produced='20190116'>
<bibliographic-data id='bibl' doc-number='SP17083426' country='EC' lang='es'>
<publication-reference><document-id ><country>EC</country><doc-number>SP17083426</doc-number><kind>A</kind><date>20180228</date></document-id></publication-reference>
<classification-ipcr><classification-ipc sequence='1'><section> </section><class> </class><subclass> </subclass><main-group> </main-group><subgroup> </subgroup><edition> </edition><ipc-version-indicator><date> </date></ipc-version-indicator><classification-level>C07D487/04,C07F5/02</classification-level><symbol-position> </symbol-position><classification-value> </classification-value></classification-ipc></classification-ipcr>
<application-reference> <document-id><country>EC</country><doc-number>IEPI201783426</doc-number><date>20171219</date></document-id></application-reference>
<priority-claims>
<priority-claim sequence='1' kind='National'><doc-number>62/182,040</doc-number><date>20150619</date><country>US</country></priority-claim>
</priority-claims>
<parties><applicants>
<applicant sequence='1' designation='all' app-type='applicant'><addressbook><name>ELI LILLY AND COMPANY</name><address><street>Lilly Corporate Center, Indianapolis, Indiana 46285, Estados Unidos de America</street><country>US</country></address></addressbook></applicant>
</applicants>
<inventors>
<inventor sequence='1' designation='all'><addressbook><name>KOBIERSKI, Michael Edward</name><address><street>c/o Eli Lilly and Company, P.O.Box 6288, Indianapolis, Indiana 46206-6288, Estados Unidos de America</street><country>US</country></address></addressbook></inventor>
<inventor sequence='2' designation='all'><addressbook><name>VARIE, David Lee</name><address><street>c/o Eli Lilly and Company, P.O.Box 6288, Indianapolis, Indiana 46206-6288, Estados Unidos de America</street><country>US</country></address></addressbook></inventor>
<inventor sequence='3' designation='all'><addressbook><name>WILSON, Thomas Michael</name><address><street>c/o Eli Lilly and Company, P.O.Box 6288, Indianapolis, Indiana 46206-6288, Estados Unidos de America</street><country>US</country></address></addressbook></inventor>
<inventor sequence='4' designation='all'><addressbook><name>MARTINELLI, Joseph R.</name><address><street>c/o Eli Lilly and Company, P.O.Box 6288, Indianapolis, Indiana 46206-6288, Estados Unidos de America</street><country>US</country></address></addressbook></inventor>
<inventor sequence='5' designation='all'><addressbook><name>KOPACH, Michael E.</name><address><street>c/o Eli Lilly and Company, P.O.Box 6288, Indianapolis, Indiana 46206-6288, Estados Unidos de America</street><country>US</country></address></addressbook></inventor>
</inventors><agents>
<agent sequence='1' rep-type='agent'><addressbook><name>PONCE MARTINEZ, ALEJANDRO</name><address><street>AV. 12 DE OCTUBRE Y LINCOLN, TORRE 1492</street><country>EC</country></address></addressbook></agent>
</agents></parties>
<invention-title lang='es'>PROCESOS E INTERMEDIARIOS PARA LA PREPARACIÓN DE {1-(ETILSULFONIL)-3-[4-(7H-PIRROLO[2,3-d]PIRIMIDIN-4-IL)-1H-PIRAZOL-1-IL]AZETIDIN-3-IL}ACETONITRILO</invention-title>
</bibliographic-data>
<abstract lang='es'>FAVOR VER ADJUNTO</abstract>
</ec-patent-document>
