<?xml version='1.0' encoding='UTF-8' ?>
<ec-patent-document file='EC_SMU17054159_20181228.xml' country='EC' doc-number='SMU17054159' kind='U' date-published='20181228' lang='ES' date-produced='20190116'>
<bibliographic-data id='bibl' doc-number='SMU17054159' country='EC' lang='es'>
<publication-reference><document-id ><country>EC</country><doc-number>SMU17054159</doc-number><kind>U</kind><date>20181228</date></document-id></publication-reference>
<classification-ipcr><classification-ipc sequence='1'><section> </section><class> </class><subclass> </subclass><main-group> </main-group><subgroup> </subgroup><edition> </edition><ipc-version-indicator><date> </date></ipc-version-indicator><classification-level>A23F5/00</classification-level><symbol-position> </symbol-position><classification-value> </classification-value></classification-ipc></classification-ipcr>
<application-reference> <document-id><country>EC</country><doc-number>IEPI201754159</doc-number><date>20171115</date></document-id></application-reference>
<priority-claims>
</priority-claims>
<parties><applicants>
<applicant sequence='1' designation='all' app-type='applicant'><addressbook><name>AROMAS EXPORTABLES FRAGEXP S.A.</name><address><street>Calle Avenida A, No.- SL 10, Manzana E, Edificio Parque Industrial El Sauces, Oficina BD28A, Vía a Daule Kilometro 11.5, Guayaquil - Ecuador</street><country>EC</country></address></addressbook></applicant>
</applicants>
<inventors>
<inventor sequence='1' designation='all'><addressbook><name>FREDDY ALBERTO AGUAS DOMINGUEZ</name><address><street>Pradera Dos, Bloque B Cuatro, Departamento 303, Guayaquil - Ecuador</street><country>EC</country></address></addressbook></inventor>
</inventors><agents>
<agent sequence='1' rep-type='agent'><addressbook><name>SAN MARTIN JORDAN, HECTOR </name><address><street>Amazonas 477 y Roca. Edificio Río Amazonas, Oficina 909, Quito - Ecuador</street><country>EC</country></address></addressbook></agent>
</agents></parties>
<invention-title lang='es'>MÉTODO PARA REPARAR Y MAXIMIZAR LA CALIDAD DE LOS GRANOS DE CAFÉ VERDE CONTENIDOS EN LOTES, PRINCIPALMENTE LOS GRANOS DE CAFÉ VERDE QUE CONTIENEN UN ALTO PORCENTAJE DE DEFECTOS, TALES COMO SABOR Y AROMA INDESEABLES, BASANDOS EN EL PRINCIPIO DE SELECCIÓN POR REPARACIÓN DE GRANOS DE DESEADOS</invention-title>
</bibliographic-data>
<abstract lang='es'>Primeramente que los granos de café verdes sean trasladados a los tendales de secado y de ahí se procede al proceso de secado, para lo cual se pueden aplicar dos tipos: el secado mecánico y el secado por radiación solar. El secado mecánico consiste en hacer pasar los granos fermentados por un secador industrial, donde se hace pasar una corriente de aire seco a aproximadamente 70 u 80ºC. Utilizando la radiación solar como medio de calentamiento, en este proceso se tienden al sol, a manera de capa fina y cada cierto tiempo se mueven los granos para producir un secado uniforme. Dentro de esta primera etapa del proceso se logra reducir la humedad de los granos de café verdes al parámetro deseado, esto es, entre 9 y 11% tomando en cuenta que los granos de café verdes inician el proceso con el 13% de humedad. La merma en esta fase alcanza hasta el 4%. Una vez completada la primera etapa del proceso, los granos de café verdes son llevados a una máquina catadora, la misma que por un sistema automatizado de separación por presión de aire se logra aislar los granos que por su tamaño, peso o defecto no alcanzan el peso y densidad de un grano de optima calidad. En esta etapa del proceso queda como desperdicios la cascara y granos quebrados, pequeños y mal cosechados. </abstract>
</ec-patent-document>
