<?xml version='1.0' encoding='UTF-8' ?>
<ec-patent-document file='EC_SMU18069683_20181228.xml' country='EC' doc-number='SMU18069683' kind='U' date-published='20181228' lang='ES' date-produced='20190116'>
<bibliographic-data id='bibl' doc-number='SMU18069683' country='EC' lang='es'>
<publication-reference><document-id ><country>EC</country><doc-number>SMU18069683</doc-number><kind>U</kind><date>20181228</date></document-id></publication-reference>
<classification-ipcr><classification-ipc sequence='1'><section> </section><class> </class><subclass> </subclass><main-group> </main-group><subgroup> </subgroup><edition> </edition><ipc-version-indicator><date> </date></ipc-version-indicator><classification-level>B65D5/00</classification-level><symbol-position> </symbol-position><classification-value> </classification-value></classification-ipc></classification-ipcr>
<application-reference> <document-id><country>EC</country><doc-number>SENADI201869683</doc-number><date>20180927</date></document-id></application-reference>
<priority-claims>
</priority-claims>
<parties><applicants>
<applicant sequence='1' designation='all' app-type='applicant'><addressbook><name>QUIMICA COMERCIAL QUIMICIAL CIA. LTDA. </name><address><street>Juan Severino E8-38 y 6 de diciembre. Edif. Argentina Plaza Piso 10</street><country>EC</country></address></addressbook></applicant>
</applicants>
<inventors>
<inventor sequence='1' designation='all'><addressbook><name>Santiago José Nieto Albuja</name><address><street>Manuel Samaniego S3-123 y Juan León Mera</street><country>EC</country></address></addressbook></inventor>
</inventors><agents>
</agents></parties>
<invention-title lang='es'>Caja Autoarmable de Polipropileno Corrugado Con Agujeros </invention-title>
</bibliographic-data>
<abstract lang='es'>Nombre de la invención: Caja Autoarmable de Polipropileno Corrugado

Objeto de la invención: Base y tapa autoarmable de polipropileno corrugado totalmente resistente a la humedad, ideal para el empaque de camarón congelado con capacidad aproximada de 2 kg.

Descripción de la invención: La Caja Autoarmable de Polipropileno Corrugado consiste en una lámina corrugada de polipropileno, es decir 100% plástica, producida mediante un proceso de extrusión. Posteriormente mediante un proceso de troquelado, dependiendo del diseño requerido, la lámina se corta y dobla y termina convertida en una caja auto armable.  

Aplicaciones/ solución técnica que aporta la invención: Congelación de camarón en un baño de salmuera. Una vez que el camarón llega a destino, el camarón es cocido en un baño de agua hirviendo en la misma caja y es colocada en los exhibidores de supermercados.</abstract>
</ec-patent-document>
