<?xml version='1.0' encoding='UTF-8' ?>
<ec-patent-document file='EC_SDI17019233_20180228.xml' country='EC' doc-number='SDI17019233' kind='S' date-published='20180228' lang='ES' date-produced='20190116'>
<bibliographic-data id='bibl' doc-number='SDI17019233' country='EC' lang='es'>
<publication-reference><document-id ><country>EC</country><doc-number>SDI17019233</doc-number><kind>S</kind><date>20180228</date></document-id></publication-reference>
<classification-ipcr><classification-ipc sequence='1'><section> </section><class> </class><subclass> </subclass><main-group> </main-group><subgroup> </subgroup><edition> </edition><ipc-version-indicator><date> </date></ipc-version-indicator><classification-level>09-01</classification-level><symbol-position> </symbol-position><classification-value> </classification-value></classification-ipc></classification-ipcr>
<application-reference> <document-id><country>EC</country><doc-number>IEPI201719233</doc-number><date>20170410</date></document-id></application-reference>
<priority-claims>
<priority-claim sequence='1' kind='National'><doc-number>RCD 003413186-0001</doc-number><date>20161010</date><country>ES</country></priority-claim>
</priority-claims>
<parties><applicants>
</applicants>
<inventors>
</inventors><agents>
</agents></parties>
<invention-title lang='es'>BOTELLA - PIRATE</invention-title>
</bibliographic-data>
<abstract lang='es'>Diseño de una botella</abstract>
</ec-patent-document>
