<?xml version='1.0' encoding='UTF-8' ?>
<ec-patent-document file='EC_SDI17072109_20180228.xml' country='EC' doc-number='SDI17072109' kind='S' date-published='20180228' lang='ES' date-produced='20190116'>
<bibliographic-data id='bibl' doc-number='SDI17072109' country='EC' lang='es'>
<publication-reference><document-id ><country>EC</country><doc-number>SDI17072109</doc-number><kind>S</kind><date>20180228</date></document-id></publication-reference>
<classification-ipcr><classification-ipc sequence='1'><section> </section><class> </class><subclass> </subclass><main-group> </main-group><subgroup> </subgroup><edition> </edition><ipc-version-indicator><date> </date></ipc-version-indicator><classification-level>09</classification-level><symbol-position> </symbol-position><classification-value> </classification-value></classification-ipc></classification-ipcr>
<application-reference> <document-id><country>EC</country><doc-number>IEPI201772109</doc-number><date>20171027</date></document-id></application-reference>
<priority-claims>
<priority-claim sequence='1' kind='National'><doc-number>29/603,953</doc-number><date>20170515</date><country>US</country></priority-claim>
</priority-claims>
<parties><applicants>
</applicants>
<inventors>
</inventors><agents>
</agents></parties>
<invention-title lang='es'>RECIPIENTE CONTENEDOR (III)</invention-title>
</bibliographic-data>
<abstract lang='es'>Un tercer diseño ornamental de un recipiente contenedor</abstract>
</ec-patent-document>
