<?xml version='1.0' encoding='UTF-8' ?>
<ec-patent-document file='EC_SMU17084773_20181228.xml' country='EC' doc-number='SMU17084773' kind='U' date-published='20181228' lang='ES' date-produced='20190116'>
<bibliographic-data id='bibl' doc-number='SMU17084773' country='EC' lang='es'>
<publication-reference><document-id ><country>EC</country><doc-number>SMU17084773</doc-number><kind>U</kind><date>20181228</date></document-id></publication-reference>
<classification-ipcr><classification-ipc sequence='1'><section> </section><class> </class><subclass> </subclass><main-group> </main-group><subgroup> </subgroup><edition> </edition><ipc-version-indicator><date> </date></ipc-version-indicator><classification-level>G01R31/44_F21V21/108_F21V21/14_F21V21/26</classification-level><symbol-position> </symbol-position><classification-value> </classification-value></classification-ipc></classification-ipcr>
<application-reference> <document-id><country>EC</country><doc-number>IEPI201784773</doc-number><date>20171227</date></document-id></application-reference>
<priority-claims>
</priority-claims>
<parties><applicants>
<applicant sequence='1' designation='all' app-type='applicant'><addressbook><name>INSTITUTO NACIONAL DE EFICIENCIA ENERGETICA Y ENERGIAS RENOVABLES</name><address><street>Calle Iñaquito N35-37 y Juan Pablo Sanz, Edificio Colegio de Economistas, 4to piso</street><country>EC</country></address></addressbook></applicant>
</applicants>
<inventors>
<inventor sequence='1' designation='all'><addressbook><name>Francisco Vladimir Espin Villacres</name><address><street>Brasil N1-32 y Francisco Gonzales Suarez</street><country>EC</country></address></addressbook></inventor>
<inventor sequence='2' designation='all'><addressbook><name>Gabriela Stefany Chavez Tapia</name><address><street> Calle Jorge Washington y Av. 10 de Agosto, Club Casa Grande frente al Ministerio de Finanzas, Dpt 271</street><country>EC</country></address></addressbook></inventor>
<inventor sequence='3' designation='all'><addressbook><name>Cindy Marcela Muñoz Ramos</name><address><street>Calle Jorge Washington y Av. 10 de Agosto, Club Casa Grande frente al Ministerio de Finanzas, Dpt 271</street><country>CO</country></address></addressbook></inventor>
<inventor sequence='4' designation='all'><addressbook><name>Celia Catalina Morocho Larco</name><address><street> Av. Velasco Ibarra S6 206 y Av. Napo</street><country>EC</country></address></addressbook></inventor>
</inventors><agents>
</agents></parties>
<invention-title lang='es'>Estructura de un Banco De Envejecimiento con Soportes Móviles para Lámparas con Casquillo E40 Y E27</invention-title>
</bibliographic-data>
<abstract lang='es'>El sistema consiste en una estructura de soporte, que permite el envejecimiento de lámparas y reposo de sus elementos eléctricos para el encendido y acondicionamiento. La estructura principal sujeta los soportes móviles que permiten la conexión de lámparas con casquillo E40 y casquillo E27 al mismo tiempo. </abstract>
</ec-patent-document>
