<?xml version='1.0' encoding='UTF-8' ?>
<ec-patent-document file='EC_SP17083788_20180228.xml' country='EC' doc-number='SP17083788' kind='A' date-published='20180228' lang='ES' date-produced='20190116'>
<bibliographic-data id='bibl' doc-number='SP17083788' country='EC' lang='es'>
<publication-reference><document-id ><country>EC</country><doc-number>SP17083788</doc-number><kind>A</kind><date>20180228</date></document-id></publication-reference>
<classification-ipcr><classification-ipc sequence='1'><section> </section><class> </class><subclass> </subclass><main-group> </main-group><subgroup> </subgroup><edition> </edition><ipc-version-indicator><date> </date></ipc-version-indicator><classification-level>A61P37/06,A61K39/395,C12N15/13</classification-level><symbol-position> </symbol-position><classification-value> </classification-value></classification-ipc></classification-ipcr>
<application-reference> <document-id><country>EC</country><doc-number>IEPI201783788</doc-number><date>20171220</date></document-id></application-reference>
<priority-claims>
<priority-claim sequence='1' kind='National'><doc-number>62/164,206</doc-number><date>20150520</date><country>US</country></priority-claim>
<priority-claim sequence='2' kind='National'><doc-number>62/214,586</doc-number><date>20150904</date><country>US</country></priority-claim>
</priority-claims>
<parties><applicants>
<applicant sequence='1' designation='all' app-type='applicant'><addressbook><name>JANSSEN BIOTECH, INC.</name><address><street>800/850 Ridgeview Drive, Horsham, Pennsylvania 19044, Estados Unidos de America</street><country>US</country></address></addressbook></applicant>
</applicants>
<inventors>
<inventor sequence='1' designation='all'><addressbook><name>SASSER, Amy</name><address><street>1400 McKean Road, Spring House, PA 19477, EUA</street><country>US</country></address></addressbook></inventor>
<inventor sequence='2' designation='all'><addressbook><name>DOSHI, Parul</name><address><street>937 Dewees Lane, Chester Springs, PA 19425, Estados Unidos de America</street><country>US</country></address></addressbook></inventor>
<inventor sequence='3' designation='all'><addressbook><name>MA, Xun</name><address><street>800 Washington Street, Boston, Massachusetts 02111, EUA</street><country>US</country></address></addressbook></inventor>
<inventor sequence='4' designation='all'><addressbook><name>COMENZO, Raymond</name><address><street>800 Washington Street, Boston, Massachusetts 02111, EUA</street><country>US</country></address></addressbook></inventor>
<inventor sequence='5' designation='all'><addressbook><name>CHAULAGAIN, Chakra</name><address><street>800 Washington Street, Boston, Massachusetts 02111, EUA</street><country>US</country></address></addressbook></inventor>
</inventors><agents>
<agent sequence='1' rep-type='agent'><addressbook><name>PONCE MARTINEZ, ALEJANDRO</name><address><street>AV. 12 DE OCTUBRE Y LINCOLN, TORRE 1492</street><country>EC</country></address></addressbook></agent>
</agents></parties>
<invention-title lang='es'>ANTICUERPOS ANTI-CD38 PARA EL TRATAMIENTO DE AMILOIDOSIS DE CADENA LIGERA Y OTRAS ENFERMEDADES MALIGNAS HEMATOLÓGICAS POSITIVAS PARA CD38</invention-title>
</bibliographic-data>
<abstract lang='es'>La presente invención se relaciona con terapias de combinación con anticuerpos anti-CD38 y ácido todo-trans-retinoico.</abstract>
</ec-patent-document>
