<?xml version='1.0' encoding='UTF-8' ?>
<ec-patent-document file='EC_SMU17050911_20181228.xml' country='EC' doc-number='SMU17050911' kind='U' date-published='20181228' lang='ES' date-produced='20190116'>
<bibliographic-data id='bibl' doc-number='SMU17050911' country='EC' lang='es'>
<publication-reference><document-id ><country>EC</country><doc-number>SMU17050911</doc-number><kind>U</kind><date>20181228</date></document-id></publication-reference>
<classification-ipcr><classification-ipc sequence='1'><section> </section><class> </class><subclass> </subclass><main-group> </main-group><subgroup> </subgroup><edition> </edition><ipc-version-indicator><date> </date></ipc-version-indicator><classification-level>B21K11/00</classification-level><symbol-position> </symbol-position><classification-value> </classification-value></classification-ipc></classification-ipcr>
<application-reference> <document-id><country>EC</country><doc-number>IEPI201750911</doc-number><date>20170815</date></document-id></application-reference>
<priority-claims>
</priority-claims>
<parties><applicants>
<applicant sequence='1' designation='all' app-type='applicant'><addressbook><name>SALINAS VILLACIS JAVIER EDUARDO</name><address><street>Av. Víctor Hugo y Ernest Alban, Conjunto Oasis, casa 1 </street><country>EC</country></address></addressbook></applicant>
</applicants>
<inventors>
<inventor sequence='1' designation='all'><addressbook><name>SALINAS VILLACIS JAVIER EDUARDO</name><address><street>Av. Víctor Hugo y Ernest Alban, Conjunto Oasis, casa 1 </street><country>EC</country></address></addressbook></inventor>
</inventors><agents>
</agents></parties>
<invention-title lang='es'>CORTADORA ESTAMPADORA MANUAL</invention-title>
</bibliographic-data>
<abstract lang='es'>El presente modelo de utilidad se refiere a un aparato de corte y estampado simultáneo, conformado por dos placas transparentes y una placa de troquel o molde, que dan forma a piezas que pueden ser de fomix, papel, cartulina, cartón, plástico o cualquier  material similar, con lo que se puede obtener piezas con una infinidad de  diseños, dibujos, gráficos que pueden ser utilizados en diversas formas y con diferentes fines, especialmente didácticos. </abstract>
</ec-patent-document>
