<?xml version='1.0' encoding='UTF-8' ?>
<ec-patent-document file='EC_SDI17073701_20180228.xml' country='EC' doc-number='SDI17073701' kind='S' date-published='20180228' lang='ES' date-produced='20190116'>
<bibliographic-data id='bibl' doc-number='SDI17073701' country='EC' lang='es'>
<publication-reference><document-id ><country>EC</country><doc-number>SDI17073701</doc-number><kind>S</kind><date>20180228</date></document-id></publication-reference>
<classification-ipcr><classification-ipc sequence='1'><section> </section><class> </class><subclass> </subclass><main-group> </main-group><subgroup> </subgroup><edition> </edition><ipc-version-indicator><date> </date></ipc-version-indicator><classification-level>CLASIFICACIONLOCARNO28.3</classification-level><symbol-position> </symbol-position><classification-value> </classification-value></classification-ipc></classification-ipcr>
<application-reference> <document-id><country>EC</country><doc-number>IEPI201773701</doc-number><date>20171106</date></document-id></application-reference>
<priority-claims>
<priority-claim sequence='1' kind='National'><doc-number>003992692-0002</doc-number><date>20170509</date><country>EF</country></priority-claim>
</priority-claims>
<parties><applicants>
</applicants>
<inventors>
</inventors><agents>
</agents></parties>
<invention-title lang='es'>DISPOSITIVO PARA PELUQUERIA</invention-title>
</bibliographic-data>
<abstract lang='es'>Esta es una solicitud para un diseño de dispositivo para peluquería nuevo, original y ornamental, del cual se anexan las imágenes correspondientes.</abstract>
</ec-patent-document>
