<?xml version='1.0' encoding='UTF-8' ?>
<ec-patent-document file='EC_SMU18091113_20181228.xml' country='EC' doc-number='SMU18091113' kind='U' date-published='20181228' lang='ES' date-produced='20190116'>
<bibliographic-data id='bibl' doc-number='SMU18091113' country='EC' lang='es'>
<publication-reference><document-id ><country>EC</country><doc-number>SMU18091113</doc-number><kind>U</kind><date>20181228</date></document-id></publication-reference>
<classification-ipcr><classification-ipc sequence='1'><section> </section><class> </class><subclass> </subclass><main-group> </main-group><subgroup> </subgroup><edition> </edition><ipc-version-indicator><date> </date></ipc-version-indicator><classification-level>G01C21/20</classification-level><symbol-position> </symbol-position><classification-value> </classification-value></classification-ipc></classification-ipcr>
<application-reference> <document-id><country>EC</country><doc-number>SENADI201891113</doc-number><date>20181206</date></document-id></application-reference>
<priority-claims>
</priority-claims>
<parties><applicants>
<applicant sequence='1' designation='all' app-type='applicant'><addressbook><name>JUAN LEOPOLDO AMON DE LA GUERRA</name><address><street>ANDRES CORDOVA Y VICTOR EMILIO ESTRADA</street><country>EC</country></address></addressbook></applicant>
</applicants>
<inventors>
<inventor sequence='1' designation='all'><addressbook><name>JUAN LEOPOLDO AMON DE LA GUERRA</name><address><street>ANDRES CORDOVA Y VICTOR EMILIO ESTRADA</street><country>EC</country></address></addressbook></inventor>
</inventors><agents>
</agents></parties>
<invention-title lang='es'>TRANSPORTADOR PARA APLICACIONES MILITARES (T.A.M)</invention-title>
</bibliographic-data>
<abstract lang='es'>EL RESUMEN SE ENCUENTRA ADJUNTO COMO IMAGEN PDF </abstract>
</ec-patent-document>
