<?xml version='1.0' encoding='UTF-8' ?>
<ec-patent-document file='EC_SMU17084774_20181228.xml' country='EC' doc-number='SMU17084774' kind='U' date-published='20181228' lang='ES' date-produced='20190116'>
<bibliographic-data id='bibl' doc-number='SMU17084774' country='EC' lang='es'>
<publication-reference><document-id ><country>EC</country><doc-number>SMU17084774</doc-number><kind>U</kind><date>20181228</date></document-id></publication-reference>
<classification-ipcr><classification-ipc sequence='1'><section> </section><class> </class><subclass> </subclass><main-group> </main-group><subgroup> </subgroup><edition> </edition><ipc-version-indicator><date> </date></ipc-version-indicator><classification-level>F03B3/04_F03B3/12_F03B3/14_F03B13/1</classification-level><symbol-position> </symbol-position><classification-value> </classification-value></classification-ipc></classification-ipcr>
<application-reference> <document-id><country>EC</country><doc-number>IEPI201784774</doc-number><date>20171227</date></document-id></application-reference>
<priority-claims>
</priority-claims>
<parties><applicants>
<applicant sequence='1' designation='all' app-type='applicant'><addressbook><name>INSTITUTO NACIONAL DE EFICIENCIA ENERGETICA Y ENERGIAS RENOVABLES</name><address><street>Calle Iñaquito N35-37 y Juan Pablo Sanz, Edificio Colegio de Economistas, 4to piso</street><country>EC</country></address></addressbook></applicant>
</applicants>
<inventors>
<inventor sequence='1' designation='all'><addressbook><name>Gabriela Stefany Chavez Tapia</name><address><street> Calle Jorge Washington y Av. 10 de Agosto, Club Casa Grande frente al Ministerio de Finanzas, Dpt 271</street><country>EC</country></address></addressbook></inventor>
<inventor sequence='2' designation='all'><addressbook><name>Gonzalo Efraín Guerrón López</name><address><street>PANAMERICANA NORTE, URBANIZACIÓN JARDINES DE CARCELÉN</street><country>EC</country></address></addressbook></inventor>
</inventors><agents>
</agents></parties>
<invention-title lang='es'>Turbina Hidrocinética Modelo Darrieus con 3 Perfiles Naca4415 Móviles</invention-title>
</bibliographic-data>
<abstract lang='es'>Consiste en una adaptación mecánica externa a una turbina tipo Darrieus-H de eje vertical. Su comportamiento en agua depende mucho de la velocidad de la corriente, y su eje de rotación se encuentra perpendicular a la dirección del flujo. </abstract>
</ec-patent-document>
