<?xml version='1.0' encoding='UTF-8' ?>
<ec-patent-document file='EC_SMU17048840_20181228.xml' country='EC' doc-number='SMU17048840' kind='U' date-published='20181228' lang='ES' date-produced='20190116'>
<bibliographic-data id='bibl' doc-number='SMU17048840' country='EC' lang='es'>
<publication-reference><document-id ><country>EC</country><doc-number>SMU17048840</doc-number><kind>U</kind><date>20181228</date></document-id></publication-reference>
<classification-ipcr><classification-ipc sequence='1'><section> </section><class> </class><subclass> </subclass><main-group> </main-group><subgroup> </subgroup><edition> </edition><ipc-version-indicator><date> </date></ipc-version-indicator><classification-level>A61F5/00</classification-level><symbol-position> </symbol-position><classification-value> </classification-value></classification-ipc></classification-ipcr>
<application-reference> <document-id><country>EC</country><doc-number>IEPI201748840</doc-number><date>20170728</date></document-id></application-reference>
<priority-claims>
</priority-claims>
<parties><applicants>
<applicant sequence='1' designation='all' app-type='applicant'><addressbook><name>Orlando Henrry Noboa Cevallos</name><address><street>Fertisa. Coop "Santiaguito Roldos"</street><country>EC</country></address></addressbook></applicant>
</applicants>
<inventors>
<inventor sequence='1' designation='all'><addressbook><name>Orlando Henrry Noboa Cevallos</name><address><street>Fertisa. Coop "Santiaguito Roldos"</street><country>EC</country></address></addressbook></inventor>
</inventors><agents>
</agents></parties>
<invention-title lang='es'>Set de ostomìa (Vipleostom)</invention-title>
</bibliographic-data>
<abstract lang='es'>en archivo de PDF queda toda la informacion</abstract>
</ec-patent-document>
