<?xml version='1.0' encoding='UTF-8' ?>
<ec-patent-document file='EC_SP17079888_20180228.xml' country='EC' doc-number='SP17079888' kind='A' date-published='20180228' lang='ES' date-produced='20190116'>
<bibliographic-data id='bibl' doc-number='SP17079888' country='EC' lang='es'>
<publication-reference><document-id ><country>EC</country><doc-number>SP17079888</doc-number><kind>A</kind><date>20180228</date></document-id></publication-reference>
<classification-ipcr><classification-ipc sequence='1'><section> </section><class> </class><subclass> </subclass><main-group> </main-group><subgroup> </subgroup><edition> </edition><ipc-version-indicator><date> </date></ipc-version-indicator><classification-level>F42B7/06(2006.01),F42B7/08(2006.01)</classification-level><symbol-position> </symbol-position><classification-value> </classification-value></classification-ipc></classification-ipcr>
<application-reference> <document-id><country>EC</country><doc-number>IEPI201779888</doc-number><date>20171130</date></document-id></application-reference>
<priority-claims>
<priority-claim sequence='1' kind='National'><doc-number>PCT/ES2015/070356</doc-number><date>20150430</date><country>ES</country></priority-claim>
</priority-claims>
<parties><applicants>
<applicant sequence='1' designation='all' app-type='applicant'><addressbook><name>LÓPEZ-POZAS LANUZA, Enrique</name><address><street>Nuestra Señora de Gracia 3-5a, Marbella, Málaga, 29602, España</street><country>ES</country></address></addressbook></applicant>
</applicants>
<inventors>
<inventor sequence='1' designation='all'><addressbook><name>LÓPEZ-POZAS LANUZA, Enrique</name><address><street>Nuestra Señora de Gracia 3-5a, Marbella, Málaga, 29602, España</street><country>ES</country></address></addressbook></inventor>
</inventors><agents>
<agent sequence='1' rep-type='agent'><addressbook><name>Mandakovic Falconi, Sasha </name><address><street>Av. Amazonas N21-147 y Roca, Edif. Río Amazonas, Of. 900, Quito  - Ecuador</street><country>EC</country></address></addressbook></agent>
</agents></parties>
<invention-title lang='es'>CARTUCHO BIODEGRADABLE PARA  ESCOPETAS</invention-title>
</bibliographic-data>
<abstract lang='es'>La presente invención se refiere a un cartucho biodegradable para escopetas que comprende un culote,  una vaina, al menos un taco base y al menos un taco contenedor,  en donde dicha vaina, al menos un taco base y al menos un taco contenedor comprenden (i) al menos un bioplástico biodegradable de origen vegetal o fermentativo; y (ii) una carga mineral inerte y no tóxica, en donde dicha carga mineral comprende un máximo del 70% en peso con respecto al peso total de dicho material.</abstract>
</ec-patent-document>
