<?xml version='1.0' encoding='UTF-8' ?>
<ec-patent-document file='EC_SP17072228_20180228.xml' country='EC' doc-number='SP17072228' kind='A' date-published='20180228' lang='ES' date-produced='20190116'>
<bibliographic-data id='bibl' doc-number='SP17072228' country='EC' lang='es'>
<publication-reference><document-id ><country>EC</country><doc-number>SP17072228</doc-number><kind>A</kind><date>20180228</date></document-id></publication-reference>
<classification-ipcr><classification-ipc sequence='1'><section> </section><class> </class><subclass> </subclass><main-group> </main-group><subgroup> </subgroup><edition> </edition><ipc-version-indicator><date> </date></ipc-version-indicator><classification-level>C07D487/04(2006.01),A61K31/4985(2006.01),A61P25/00(2006.01)</classification-level><symbol-position> </symbol-position><classification-value> </classification-value></classification-ipc></classification-ipcr>
<application-reference> <document-id><country>EC</country><doc-number>IEPI201772228</doc-number><date>20171027</date></document-id></application-reference>
<priority-claims>
<priority-claim sequence='1' kind='National'><doc-number>PA2015 00261</doc-number><date>20150430</date><country>DK</country></priority-claim>
<priority-claim sequence='2' kind='National'><doc-number>PA2015 00666</doc-number><date>20151029</date><country>DK</country></priority-claim>
<priority-claim sequence='3' kind='National'><doc-number>PA2016 00202</doc-number><date>20160404</date><country>DK</country></priority-claim>
</priority-claims>
<parties><applicants>
<applicant sequence='1' designation='all' app-type='applicant'><addressbook><name>H. LUNDBECK A/S</name><address><street>Ottiliavej 9, 2500 Valby, Dinamarca</street><country>DK</country></address></addressbook></applicant>
</applicants>
<inventors>
<inventor sequence='1' designation='all'><addressbook><name>LANGGARD, Morten</name><address><street>Ragevej 20, DK-2600 Glostrup, Dinamarca</street><country>DK</country></address></addressbook></inventor>
<inventor sequence='2' designation='all'><addressbook><name>JUHL, Karsten</name><address><street>Ottiliavej 9, 2500 Valby, Dinamarca</street><country>DK</country></address></addressbook></inventor>
<inventor sequence='3' designation='all'><addressbook><name>KEHLER, Jan</name><address><street>Nymøllevej 28, DK-2800 Lyngby, Dinamarca</street><country>DK</country></address></addressbook></inventor>
<inventor sequence='4' designation='all'><addressbook><name>JESSING, Mikkel</name><address><street>Fuglebo 4, DK-2000, Frederiksberg, Dinamarca</street><country>DK</country></address></addressbook></inventor>
<inventor sequence='5' designation='all'><addressbook><name>RASMUSSEN, Lars Kyhn</name><address><street>Kaløvej 19, DK-2720 Vanløse, Dinamarca</street><country>DK</country></address></addressbook></inventor>
<inventor sequence='6' designation='all'><addressbook><name>VIEIRA VITAL, Paulo Jorge</name><address><street>Haderslevgade 12, DK-2.tv., 1671 Kobenhavn V, Dinamarca</street><country>DK</country></address></addressbook></inventor>
</inventors><agents>
<agent sequence='1' rep-type='agent'><addressbook><name>FALCONI PUIG CIA LTDA</name><address><street>Av. Amazonas N21-147 y Roca, Edif. Río Amazonas, of. 900, Quito, Ecuador</street><country>EC</country></address></addressbook></agent>
</agents></parties>
<invention-title lang='es'>Imidazopirazinonas como inhibidores de PDE1</invention-title>
</bibliographic-data>
<abstract lang='es'>La presente invención proporciona imidazopirazinonas como inhibidores de PDE1 y su uso como medicamento, en particular para el tratamiento de trastornos neurodegenerativos y trastornos psiquiátricos.</abstract>
</ec-patent-document>
